,x,y
0,0.016981936031389495,-0.0006402193637055293
1,0.03403981971945099,-0.0009620644115731357
2,0.0510977034075148,-0.0012839094594310138
3,0.06806122788576896,-0.002001310475472385
4,0.08476238773188093,-0.0038185500371462817
5,0.10118277139271305,-0.006812809796798267
6,0.11743514963123355,-0.010511352133811745
7,0.13357475710678585,-0.014682632091441833
8,0.14969595302920047,-0.018931093701417472
9,0.16579873739850065,-0.023256736963641424
10,0.1818451363863283,-0.027818749036125037
11,0.19790994692729355,-0.032303579456263075
12,0.2139747574682357,-0.03678840987649839
13,0.2300027449029489,-0.041427603601230295
14,0.24599275850930397,-0.04622598448397357
15,0.26190797518104897,-0.05133791582932209
16,0.2777668064713307,-0.056686215984891354
17,0.29360607548641054,-0.06211652164604859
18,0.30940852139522446,-0.06770119061185807
19,0.32511775881630445,-0.07367659169256001
20,0.34075219930278117,-0.07996554323583796
21,0.35642461361759503,-0.08609530762119211
22,0.3722282102484823,-0.09167515273372025
23,0.3880870415387663,-0.09702345288927978
24,0.40392631055384626,-0.10245375855043706
25,0.4196907826343229,-0.10819761467417034
26,0.43532407239873083,-0.11449139007071019
27,0.4508825652285263,-0.12109871592986497
28,0.4663478495705971,-0.12809677390387333
29,0.481700363149746,-0.1355675694983037
30,0.49705287672887183,-0.14303836509283135
31,0.5125181610709426,-0.1500364230668397
32,0.5280018569661279,-0.15695729938859973
33,0.5433359589921392,-0.16450527663537567
34,0.558558440977265,-0.17252116764944797
35,0.5738177460686428,-0.18038269535892643
36,0.5892450565823788,-0.18753994049084885
37,0.6048599347936698,-0.19391089753964674
38,0.6206439691493323,-0.19957274815786014
39,0.6365971596494354,-0.20452549234519732
40,0.6526815324655978,-0.2089283172597668
41,0.6688970875978197,-0.21278122290156867
42,0.6852242627709272,-0.2161662147760742
43,0.7016262348786216,-0.21923765618807176
44,0.7182157746838713,-0.22152280951694472
45,0.7351424760558732,-0.22239457383757996
46,0.7523695158883292,-0.22200731245476585
47,0.7696333788270834,-0.22146568776716336
48,0.7866348771336725,-0.22202390162529062
49,0.8034303961895919,-0.22344558521879077
50,0.820393920667846,-0.2241629862348321
51,0.8378821744103846,-0.22268071015960844
52,0.8561943451556249,-0.21774455514279606
53,0.8752751982441607,-0.20958606614140343
54,0.8947691605561051,-0.1996958138160013
55,0.9145438990533595,-0.18862854129249554
56,0.9345246168012602,-0.17669779903371424
57,0.9545421576554364,-0.1646126934702418
58,0.9745965216158645,-0.1523732246021755
59,0.9951192294591277,-0.1381704474530065
60,1.0160918696319954,-0.12208154367546953
61,1.0368965043826213,-0.10669692247500227
62,1.0571200244875136,-0.09374834717596243
63,1.076762429946672,-0.08323581777835001
64,1.0959744653511214,-0.07452740950480166
65,1.114624948385336,-0.06817304162584761
66,1.132619519838905,-0.06456827011219078
67,1.1501457474098251,-0.06292680687885849
68,1.1676340011523403,-0.061444530803732064
69,1.1855721872245992,-0.058076128099654054
70,1.2042974671932618,-0.05140820975877567
71,1.223640684913933,-0.0421498822117787
72,1.2431714703321364,-0.0321052665817545
73,1.2627206673034774,-0.021983469299384738
74,1.2823446612094984,-0.011548121554117866
75,1.3023622020637204,0.0005369840095491036
76,1.3230920398796666,0.015608054747119423
77,1.3444398154476218,0.033269534690808164
78,1.3658807995033941,0.05132174674973963
79,1.386871851229423,0.0674878321797194
80,1.4072069913752703,0.08090432124634743
81,1.4268678083873343,0.09149403229533272
82,1.4460234584104736,0.09996607175930228
83,1.4648615091422204,0.10710672772128361
84,1.4834935806230651,0.11338391394691931
85,1.5021256521039101,0.1196611001725551
86,1.5209637028356566,0.1268017561345364
87,1.540007732817841,0.1348058818309178
88,1.5588457835493554,0.14194653779192645
89,1.5773650842673483,0.1477509863974319
90,1.5959591819200207,0.1538689854658344
91,1.614571691125831,0.16006416618658256
92,1.6327342680016652,0.16437322027740633
93,1.6508600217714564,0.16852791106451165
94,1.6699604371351826,0.17676840557144455
95,1.6899595664362674,0.18877632948276604
96,1.709939133462086,0.2007022478882271
97,1.729393971223712,0.21042848920281218
98,1.7483252304430443,0.21795987727906338
99,1.7668077080547617,0.22360996257987775
100,1.7848966387182772,0.22761029006229194
101,1.8027036424743146,0.2304287734929215
102,1.8203794639145938,0.23269733765204778
103,1.837980488419961,0.23465235134730447
104,1.8555067159908807,0.2362938145806368
105,1.8727521673764511,0.23675825761569932
106,1.889660457195362,0.23580931164291305
107,1.9066251323955827,0.23509673447970553
108,1.9237014276367588,0.23485207108408623
109,1.9402909674421476,0.2325669177557968
110,1.9560002048630838,0.22659151667449187
111,1.9714654892051777,0.2195934587005809
112,1.9876798936152704,0.21573572920526413
113,2.004362641908477,0.21384130799221746
114,2.0205770463185697,0.20998357849690072
115,2.036079153766939,0.20313988382768083
116,2.0511508911605993,0.19449206803439684
117,2.06582908160629,0.18419449442368546
118,2.07983294891843,0.17107014279630411
119,2.0931624930972497,0.15511901315322538
120,2.106042104946095,0.13728175688022223
121,2.1187905344789497,0.11889458133474333
122,2.1315205524588983,0.10043022413789153
123,2.1441205388445232,0.08142077152013319
124,2.15643974904503,0.061234298705077794
125,2.1686277769295477,0.04049790661754652
126,2.1811713779336297,0.021252085189236793
127,2.194201734373962,0.00404675369554265
128,2.2075508408278184,-0.011822370442648517
129,2.2214614996521402,-0.025337454185272598
130,2.2363456693485007,-0.03477155806061108
131,2.251960547559722,-0.04114251510970073
132,2.267837790403155,-0.0464136336128661
133,2.283753007074993,-0.051525564957825454
134,2.2994622444961617,-0.057500966038157755
135,2.3148895550098505,-0.06465821117027479
136,2.3301856832075503,-0.07236537557486762
137,2.3453701913642946,-0.08054045374704845
138,2.3603671318235073,-0.08950182000225676
139,2.3752697130730054,-0.09885874222524975
140,2.390191856597538,-0.10813365894335496
141,2.4049080208716336,-0.11827204539586043
142,2.4194734405542397,-0.12904235662767474
143,2.4342644017627824,-0.1388671926182558
144,2.4491313106281343,-0.14837365429242513
145,2.4639038602835397,-0.15827567193535183
146,2.479050394612112,-0.16660993726476606
147,2.495058819771535,-0.1713311364954555
148,2.5112364010753527,-0.1753432292954633
149,2.526721247692713,-0.182259281763514
150,2.5417181881519255,-0.19122064801872218
151,2.556452763978926,-0.20128185281985483
152,2.57077538130482,-0.21306999709076047
153,2.5847044516822795,-0.22650789918103884
154,2.5986335220599712,-0.2399458012703446
155,2.613068910148485,-0.2512612079220927
156,2.6281417982645063,-0.2599041998608892
157,2.643588671053463,-0.26697943948714575
158,2.6594290907906215,-0.2724049212950024
159,2.675907010555055,-0.27515798839087996
160,2.6928337119268715,-0.27602975271229324
161,2.7100032156558647,-0.27588368399267
162,2.7277722455837297,-0.2732243877192737
163,2.74610397860419,-0.26820622719679543
164,2.7640237531233116,-0.264915006145063
165,2.780950454495128,-0.26578677046647636
166,2.7968472596138283,-0.27097588346378143
167,2.811750991585455,-0.28032798183325947
168,2.8261299942926583,-0.2918797572945864
169,2.8402466323676507,-0.3045313713018376
170,2.8542320881266527,-0.31773290458156445
171,2.868592679280718,-0.3293618616952369
172,2.8836275935683355,-0.3381640407922392
173,2.899242471779557,-0.3445349978413289
174,2.9156444438874134,-0.3476064392526456
175,2.933339827602728,-0.34525586958863164
176,2.9522342637157846,-0.33787884481707153
177,2.9715590698833183,-0.32869769892242
178,2.9909391107102645,-0.31928500807073207
179,3.01106827160521,-0.3067319887404496
180,3.0320029379499287,-0.2908022721200485
181,3.052957166569682,-0.2747905499947599
182,3.0732370720558846,-0.2616056058861413
183,3.0928230921335005,-0.25132944529908025
184,3.112353877551936,-0.24128482966808334
185,3.1320538191145335,-0.23053110760737747
186,3.1518849429931213,-0.21922746627419565
187,3.1717724522532507,-0.20768745613046247
188,3.1917715815543355,-0.195679532219141
189,3.211938716277686,-0.1829673257306527
190,3.2320874394478984,-0.1703323008945098
191,3.2522361626183423,-0.1576972760573943
192,3.272590865039225,-0.14419878148587872
193,3.2932643174736285,-0.12936407955885995
194,3.3140873637773924,-0.11390227670604712
195,3.335060003950283,-0.09781337292841295
196,3.3565953472160026,-0.07936560490072397
197,3.3786370081925434,-0.058795341435477586
198,3.4005658984064637,-0.03869781558938856
199,3.4218204654868334,-0.021427067759969665
200,3.442287938670568,-0.007455835568323688
201,3.46223068259011,0.004315719532446201
202,3.4820618064689297,0.015619360866600646
203,3.5019493157290595,0.027159371010333944
204,3.521911621923869,0.0390129316169642
205,3.5421167304756236,0.05188432526365855
206,3.5625462298309536,0.06569637029709863
207,3.582862958423663,0.07903567771138088
208,3.6028045516210767,0.09080240895863605
209,3.6223157747640125,0.10076501908279999
210,3.6412274717083104,0.10821440165416356
211,3.6593336632028346,0.11228708693540859
212,3.676803505392212,0.1136921813581894
213,3.6941421652655997,0.11454735650849449
214,3.7117995751525097,0.11673873901430265
215,3.7295133704209613,0.11916649033066214
216,3.746720847978127,0.11947174620751881
217,3.7636475493501753,0.11859998188707799
218,3.781173776921095,0.12024144512041032
219,3.799786286126441,0.1264366258392129
220,3.8190362953604553,0.13530422127583105
221,3.8382115076583974,0.1438582662437155
222,3.857330334575261,0.1521759424029939
223,3.8766735522957005,0.16143426994901824
224,3.896073155397218,0.1709289663036484
225,3.9153599877365797,0.1799509250410665
226,3.9343464816155564,0.18771385807532728
227,3.952827808506305,0.19335911952749055
228,3.970709609197022,0.19649115342101695
229,3.988553436059335,0.19946400015633772
230,4.007428309896892,0.2067590194210644
231,4.027259433775945,0.21806266075619168
232,4.046996198443193,0.22897074611477997
233,4.066319853890222,0.23814706816272543
234,4.085437530084029,0.2464599204645983
235,4.104274430093182,0.2535957525711194
236,4.1228489654703555,0.25963174613268897
237,4.141423500847529,0.26566773969425844
238,4.160223577751336,0.27264920849997903
239,4.179360816220872,0.281044066309658
240,4.198628086286824,0.2899840195489975
241,4.217483397848651,0.2971970333059187
242,4.23551479240919,0.3009561681271845
243,4.2526658845850465,0.30102505519446254
244,4.269292247496944,0.29889426517183704
245,4.285375469589885,0.2944866163991808
246,4.300503592364393,0.28607516941353034
247,4.315312965125841,0.27632751507432196
248,4.32999115557246,0.2660299414675014
249,4.34401343443797,0.25298277149343845
250,4.357680140182754,0.23844503085528998
251,4.371422793584346,0.22422566453355358
252,4.385221832369338,0.21024266703015054
253,4.3986457357578725,0.19468709335485612
254,4.411470112946377,0.17661829212092556
255,4.424013713950226,0.15737247069164345
256,4.43644454419192,0.13765391164514862
257,4.448725780563791,0.11730825167091469
258,4.461400563884791,0.0986123495189718
259,4.474917675762072,0.08344750796281103
260,4.488884719967241,0.07016879302782023
261,4.502926561108479,0.057203628561562934
262,4.517529954619027,0.04659250448600896
263,4.5329388535781865,0.039358077695710245
264,4.548404137920744,0.0323600197237447
265,4.563420640656152,0.023480658978287473
266,4.578062007995103,0.013028722060939735
267,4.5924594222547475,0.0015541282490404915
268,4.606650857265812,-0.010783935289477665
269,4.620617901470981,-0.024062650224468234
270,4.634510148742397,-0.03765491561846531
271,4.64857040143631,-0.05054289843432246
272,4.662780247997728,-0.0628037803321673
273,4.676877323799308,-0.07553739983749708
274,4.690824805728746,-0.08889812028029342
275,4.704866646869754,-0.10186328474752353
276,4.719189264195648,-0.11365142901842926
277,4.733830631535063,-0.1241033659338317
278,4.748809160441136,-0.13314191384138555
279,4.764386064823954,-0.13967205804868116
280,4.780899656972535,-0.14227558569338228
281,4.797806796069316,-0.14322935551968327
282,4.814152382795631,-0.1465371657415515
283,4.829730437900577,-0.15306248609533218
284,4.844840149122874,-0.16155111472943737
285,4.859705907266097,-0.17106240025712172
286,4.874271326948704,-0.18183271148893596
287,4.888574381999329,-0.19370286126570174
288,4.902933822431266,-0.205336642232889
289,4.917686809811404,-0.21532066538167602
290,4.932851755693115,-0.22357774905874472
291,4.948222680825262,-0.2309713630014131
292,4.9641378974971,-0.23608329434637249
293,4.981158958078863,-0.23655950269902853
294,4.999078732597984,-0.23326828164729602
295,5.017297694855593,-0.22872285874494805
296,5.035910204061171,-0.2225276780251728
297,5.054785077899193,-0.21523265875850028
298,5.0728912693937165,-0.21115997347725513
299,5.089742023108956,-0.2123501121141079
300,5.105356901320179,-0.2187210691631975
301,5.119941883278051,-0.22940937488915136
302,5.134058521353275,-0.24206098889542987
303,5.147987591730735,-0.2554988909857083
304,5.161785479792205,-0.26948671234846255
305,5.17575252399807,-0.28276542728053516
306,5.190187912086815,-0.2940808339313105
307,5.205016847123761,-0.3037464827636857
308,5.219902167542252,-0.3131757627855095
309,5.2351050872521325,-0.32127365930534485
310,5.251281517833822,-0.3252905759588675
311,5.268394636181275,-0.32538087604979565
312,5.285901301476926,-0.3238214183223236
313,5.3038958729307275,-0.32021664680769424
314,5.322883517531602,-0.3124488899208914
315,5.3423763291214,-0.30256346144907303
316,5.361475593762998,-0.2943277907956552
317,5.380219285284799,-0.2875826908024313
318,5.399000950635004,-0.28067840365100144
319,5.417669845222123,-0.2742468541206746
320,5.435832422098189,-0.269937800028878
321,5.453601452025591,-0.267278503757427
322,5.471857237389706,-0.26257871754941536
323,5.491237278217812,-0.2531660266928637
324,5.511254819072035,-0.24108092112919666
325,5.531534724558238,-0.22789597702057823
326,5.5523577708610725,-0.21243417417165603
327,5.573761931811267,-0.19453632541449756
328,5.595465280498786,-0.17538427481158722
329,5.617261837675052,-0.15584149208954345
330,5.639526738731879,-0.13433540109592956
331,5.662166775185162,-0.11125673393042494
332,5.684263670821812,-0.09045492550522352
333,5.705480264073777,-0.07334336483401066
334,5.725872940322136,-0.05968568310817975
335,5.7456281165443785,-0.04870041608946442
336,5.765102516581967,-0.03889216926610085
337,5.784483708130811,-0.029474654561870706
338,5.803901722787322,-0.019902776547113053
339,5.823374972101855,-0.01009935358115524
340,5.842979403731216,0.00025398865241520185
341,5.862790965334537,0.011475624479736456
342,5.8825841153851846,0.022620078656657817
343,5.902377265435831,0.03376453283357894
344,5.922357983184707,0.045695275096445886
345,5.942431909420008,0.05801674946871857
346,5.962542658760655,0.07049258714179216
347,5.982934184288276,0.08414544501994455
348,6.003832027527184,0.09992079833759962
349,6.0248610530809215,0.11624607092286734
350,6.045514943240523,0.13099876734597138
351,6.065831671834393,0.14433807476511706
352,6.086017218108791,0.15712746289719692
353,6.105958811306205,0.16889419414445184
354,6.125338852134312,0.17830688500100325
355,6.144100955209713,0.18512916664851842
356,6.16250748516439,0.19046087763194808
357,6.180726447420837,0.19500630052943255
358,6.198533451177803,0.19782478396395312
359,6.215891673325298,0.19876196461525472
360,6.233343103963858,0.200089877395417
361,6.250980951575269,0.20219925439439213
362,6.2683196114470325,0.20305442953788827
363,6.2855650628323705,0.20351887257197782
364,6.30339047814201,0.20641453765689852
365,6.3215530550197006,0.2107235917555039
366,6.3393600587743455,0.2135420751802972
367,6.356773515582181,0.21471080079252663
368,6.3738682223769585,0.2145433190511981
369,6.390401376800108,0.21202179690943923
370,6.406354567301279,0.20706905272657672
371,6.422138601656894,0.2014072021081685
372,6.4381286152634125,0.19660882122610646
373,6.454493764264066,0.19338301650620768
374,6.470970533306138,0.19062512555584243
375,6.4869041615315775,0.18559037586517424
376,6.502088669689483,0.17741529769785672
377,6.516879630895938,0.16759046169852132
378,6.531333430538981,0.15635223670495524
379,6.545300474744149,0.1430735217699642
380,6.558930357383585,0.1283814178310157
381,6.5727478077212504,0.11447560197801282
382,6.586995628111073,0.10237390723837378
383,6.601223886227483,0.09019020700065632
384,6.6153221127498005,0.07746141134300495
385,6.629645880796432,0.06567809091977797
386,6.644194039648958,0.054835421893023595
387,6.6585914539086035,0.04336082808112414
388,6.6727265035385885,0.030786395734000056
389,6.686806318505914,0.01798041841622155
390,6.700904545028232,0.005251622758570183
391,6.715077568484301,-0.0071636224400749016
392,6.729250591942692,-0.01957886762899296
393,6.74334881846269,-0.032307663296371116
394,6.75765302423591,-0.04417298921767722
395,6.772369188510932,-0.054311375666291656
396,6.787442076625098,-0.06295436761286977
397,6.80294533479606,-0.06979323842662953
398,6.818822577640421,-0.07506435692590387
399,6.834812591246939,-0.07986273780796654
400,6.8509337871682865,-0.08411119942241665
401,6.866980186155882,-0.08867321149587279
402,6.8823706735646875,-0.09598481992684482
403,6.897161634773463,-0.1058096559164532
404,6.911766179004747,-0.11641595614432822
405,6.926389134791024,-0.1269450747120763
406,6.941404486803375,-0.13582925931493928
407,6.95703777656843,-0.14212303470876514
408,6.973064613280294,-0.14676705229002715
409,6.988923444571983,-0.15211535243970184
410,7.004408291187952,-0.15903140491358872
411,7.0197423932156795,-0.1665793821531667
412,7.035151292174839,-0.17381380894346543
413,7.0508973527020515,-0.1796348467200792
414,7.06714858021981,-0.18333821290486857
415,7.083849740065459,-0.18515545246848794
416,7.100532488358434,-0.18704987368250725
417,7.117122028162662,-0.18933502701566018
418,7.134311094166922,-0.18910695279017659
419,7.151893707120311,-0.1872291207424021
420,7.1686328407943645,-0.18888717314781545
421,7.184172922070674,-0.19557168066077474
422,7.199357430228578,-0.2037467588280923
423,7.215047105374712,-0.2098041654133122
424,7.231411103652308,-0.2130347939906163
425,7.248150237328681,-0.21469284638630287
426,7.265038964870237,-0.21572379787370372
427,7.282246442429491,-0.2154185419880927
428,7.29996023769771,-0.21299079067270604
429,7.318085991467734,-0.20883609988462795
430,7.336792859882794,-0.20224536319804037
431,7.355911686799658,-0.19392768703876212
432,7.374318216754334,-0.18859597605533202
433,7.391544105863942,-0.18821353852904815
434,7.4079829010776095,-0.19113061663761916
435,7.423841732369298,-0.1964789167872939
436,7.439195396670437,-0.20394488852879294
437,7.454248722511192,-0.21266988597344974
438,7.469096069101045,-0.22225835315445192
439,7.48390659258555,-0.2320011836362549
440,7.499034715360056,-0.2404126306219054
441,7.514593208189041,-0.24701995648446454
442,7.530545247967153,-0.251977524524733
443,7.546610058509742,-0.256462354938062
444,7.562638045942345,-0.2611015486716455
445,7.578965221116913,-0.2644865405400231
446,7.595891922489193,-0.26535830485949086
447,7.61343656161186,-0.2636396599796492
448,7.631879914674203,-0.25815358568569224
449,7.651653502449119,-0.2470911370165766
450,7.672700939555531,-0.23068868278090873
451,7.69440428824537,-0.21153663216827157
452,7.7161076369328905,-0.19238458156536098
453,7.737623417922182,-0.17401881904839603
454,7.75878362579307,-0.15714362718578906
455,7.779213125149096,-0.1433315821494311
456,7.798930327542934,-0.13250550228892155
457,7.818461112961602,-0.12246088665695228
458,7.838086257589753,-0.1120207150581704
459,7.857804610704326,-0.10118981134998258
460,7.877597760754974,-0.09004535717306124
461,7.897352936977217,-0.07906009015434588
462,7.917164498580537,-0.06783845432702464
463,7.936976060183858,-0.05661681849970314
464,7.9564493094983915,-0.04681339553374511
465,7.975810938771503,-0.03747788633732087
466,7.995697297310897,-0.025942700041266087
467,8.015995614349771,-0.012680574282247337
468,8.03612592596615,-0.00012273110136831744
469,8.055881102188394,0.010862535917347246
470,8.07539232533133,0.02082514604151131
471,8.094715980778357,0.030001468089456564
472,8.113890042353244,0.03855068919993569
473,8.133027280822782,0.04694554700961433
474,8.15229570160947,0.05589032409663217
475,8.171826487028136,0.0659349397286019
476,8.191619637078782,0.07707939390552325
477,8.211394375576758,0.08814666643204425
478,8.230682358636855,0.09717344901714098
479,8.249576794750142,0.10455047378967407
480,8.268695621667009,0.11286814994895239
481,8.288282792466754,0.12314913438952824
482,8.308094354070073,0.13437077021684923
483,8.328186691858047,0.14676942623952294
484,8.348766935804633,0.161213396051299
485,8.369403565134618,0.1758937346814082
486,8.389701882173494,0.18915586044042718
487,8.409925402278619,0.20210443574043985
488,8.430186896212147,0.21521219819865833
489,8.449942072434391,0.22619746521737322
490,8.46870417550747,0.23301974685516136
491,8.486679184686933,0.23654251286782113
492,8.504223823811921,0.23826115775738943
493,8.521374915987778,0.23833004482466746
494,8.538076075833425,0.23651280526104784
495,8.55410291254529,0.23186878767978608
496,8.569174649938716,0.22322097188552964
497,8.583965611147493,0.21339613589592082
498,8.599168530858073,0.20529823937900366
499,8.614652226753302,0.19837736305743822
500,8.630660651912493,0.19365616382577588
501,8.648018874059987,0.1945933444770775
502,8.666650945541296,0.20087053070465893
503,8.685657001696006,0.2087154692467254
504,8.704475490152486,0.21577411970284627
505,8.722750837792333,0.22055591141866393
506,8.74046463306055,0.22298366273405057
507,8.757954037525195,0.2244707626626919
508,8.77581742666092,0.22752561489609152
509,8.794411524313823,0.23364361396546612
510,8.813661533547839,0.24251120940208454
511,8.833079548202027,0.2520830874071149
512,8.852010807422985,0.25961447549017463
513,8.86996855577051,0.26306488370011283
514,8.88689525714047,0.2621931193709182
515,8.903091249997889,0.25825820822520146
516,8.9186877166576,0.25181006953057516
517,8.934021818683005,0.24426209228127038
518,8.949787441485947,0.23852306001246226
519,8.966339007461771,0.23607871952110304
520,8.983601719679047,0.2366155203579149
521,9.001539905750843,0.23998392306004743
522,9.01994643570552,0.24531563404347687
523,9.038352965660193,0.2506473450269071
524,9.056441896324872,0.254647672514185
525,9.074212076974169,0.25731179263817716
526,9.091719892991486,0.25887607421721925
527,9.108870985167343,0.2589449612844966
528,9.125572145012992,0.25712772172087744
529,9.14171175248933,0.25295644176655474
530,9.157158625279216,0.24588120214418885
531,9.172005971869071,0.23629273496318595
532,9.186684162313368,0.22599516134663916
533,9.20153150890322,0.21640669416563624
534,9.216453652429145,0.2071317774533675
535,9.231450592888821,0.1981704112001046
536,9.246729460253889,0.19039088898987178
537,9.2621579214911,0.18323846771710595
538,9.277566820450259,0.17600404092680705
539,9.293013693240143,0.1689288013044416
540,9.308404180646628,0.1616171928637427
541,9.323607100357208,0.15351929634682532
542,9.338454446947061,0.14393082916582287
543,9.352795475825628,0.13221986654531748
544,9.366986910836692,0.11988180300679954
545,9.381553481241891,0.10911631563044574
546,9.39662521863532,0.10046849983618869
547,9.411808576070168,0.09228859781146562
548,9.42639355802804,0.08160029208551219
549,9.44032377912786,0.06816721384972113
550,9.454046870253723,0.05386584202017837
551,9.467769961381906,0.03956447020036353
552,9.481605823269923,0.0257358359880335
553,9.495910029043142,0.013870510066727404
554,9.510982917159629,0.005227518129877012
555,9.526560972264344,-0.0012978022248767013
556,9.542119465093329,-0.007905128087436056
557,9.557247587870153,-0.016316575063359304
558,9.571682975958202,-0.02763198171705275
559,9.58551883784854,-0.04146061591965575
560,9.599167132040652,-0.05607553820820432
561,9.612852249338111,-0.0705360971959522
562,9.62681814282254,-0.08381963597862133
563,9.641609104031316,-0.09364447196822971
564,9.657393138386931,-0.09930632258663792
565,9.673738725111855,-0.10261413281434213
566,9.690084311839097,-0.10592194303231936
567,9.706504695500092,-0.10891620279129072
568,9.723861766926847,-0.10798384598766743
569,9.742080729183295,-0.1034384230901827
570,9.760224894505992,-0.09920655065170467
571,9.77870622139674,-0.09356128919954196
572,9.798348626854507,-0.08304875980776524
573,9.818291370774979,-0.07127720470310456
574,9.83720421844094,-0.06382299828017175
575,9.854542878315023,-0.06296782312694835
576,9.870157756525085,-0.06933878018090178
577,9.884349191536149,-0.08167684371941973
578,9.897884714963784,-0.09676450363490761
579,9.911325879184256,-0.11224771950747954
580,9.924917787995286,-0.12709901060463405
581,9.938978040689202,-0.13998699342049165
582,9.953731028069573,-0.1499710165683056
583,9.96899033316123,-0.15783254427661664
584,9.984268049805559,-0.1656168903345282
585,9.99948938106881,-0.17363760520104488
586,10.01489828002797,-0.18087203199134377
587,10.030532720516083,-0.1871609835277645
588,10.021678265180581,-0.2682012238911451
589,10.037959835414917,-0.27191809584854076
590,10.055914709398941,-0.26998087942726734
591,10.075611845823241,-0.2621565634175622
592,10.095859244453584,-0.252472913055094
593,10.11580829119572,-0.24379739283287583
594,10.135619420559532,-0.2355878950205924
595,10.155499508611092,-0.2271453860081366
596,10.175288120849016,-0.2190119734970557
597,10.195214650468104,-0.21041253856645148
598,10.215713959419121,-0.19987768398188188
599,10.236670647443958,-0.18779734687125627
600,10.25790176291252,-0.17478972024691508
601,10.279476264518223,-0.16062179288950806
602,10.30141807669987,-0.14521272419167786
603,10.32347528914247,-0.12941371835634796
604,10.345715453212328,-0.11299651951826828
605,10.368299003419326,-0.09541901994712132
606,10.391042988130533,-0.07729941266483675
607,10.414107841852994,-0.058095589950688975
608,10.43783695072385,-0.036647251071611375
609,10.46170397697587,-0.014732889773009572
610,10.484860306511962,0.004780029442513711
611,10.507190539076852,0.02150156945663767
612,10.528947992309813,0.036287689816795865
613,10.550431018101886,0.05014652067282743
614,10.571731092261027,0.06338715850693039
615,10.592939690606539,0.07631869983965778
616,10.61437768214684,0.09002536009328427
617,10.636205501391812,0.10504924699812535
618,10.657986879069256,0.11991620798481806
619,10.679126518724186,0.13261473810778385
620,10.699418951603464,0.1424505590630677
621,10.719047129334346,0.15004186385342178
622,10.738102527736133,0.15569774899939987
623,10.756378270728579,0.1587191808429479
624,10.774241668898974,0.16034730076284626
625,10.792701770842946,0.1639916809536559
626,10.811665693428269,0.16933846958866916
627,10.830353781251274,0.17375321338463434
628,10.848812475873814,0.177392838240523
629,10.867271170499192,0.1810324631060003
630,10.885776306689259,0.18482901388003675
631,10.904029532561491,0.18777436044156126
632,10.921709979101795,0.188784287349119
633,10.939229991135052,0.18925210653595004
634,10.956932954798404,0.19033811873512202
635,10.974682360029286,0.19158105685244198
636,10.992317772320652,0.1924388131671842
637,11.009333963715395,0.1912042239194015
638,11.025066679062283,0.18563277293457447
639,11.0394934012411,0.17564837493067909
640,11.053828647603451,0.16535488041581925
641,11.068507280100103,0.15622168662443642
642,11.08293400227892,0.14623728862054108
643,11.097429683148318,0.13648590182640785
644,11.112589619163273,0.12897903118761506
645,11.128620686398367,0.12441571034303817
646,11.144995139767762,0.12101269022193922
647,11.160934731189224,0.11614027287598683
648,11.176370501969336,0.10956544708583082
649,11.191621913797922,0.10236767294841365
650,11.206735408245349,0.09470387639147293
651,11.221781351323626,0.08681182395969167
652,11.237308597917368,0.08054609467091123
653,11.253957478733325,0.07807036407311585
654,11.27152252501268,0.07869035384317513
655,11.288927136787827,0.07876823590209692
656,11.30539306597369,0.07567431229196198
657,11.320965346816367,0.06956075359599756
658,11.335987365447325,0.06158786052809295
659,11.35100938408112,0.05361496746977673
660,11.366673140737428,0.04781050527518749
661,11.383620373438752,0.04634290480805425
662,11.401942558001567,0.049521262579339476
663,11.421089432216984,0.05548624422669224
664,11.440396740936608,0.06199333358518333
665,11.459452139338397,0.06764921873116103
666,11.478140227158562,0.07206396251753744
667,11.496050066896492,0.07384900835558361
668,11.51309018273288,0.07269525972474666
669,11.529809429558012,0.07045729566204573
670,11.546482234815613,0.06806240568119637
671,11.56276521237138,0.0643502890587217
672,11.57822350027454,0.05785154856017871
673,11.592581263759941,0.04763413933693267
674,11.6058624272749,0.03377890202510625
675,11.618824129097193,0.018844204606748072
676,11.632129217056633,0.005069807921455727
677,11.645594739520279,-0.008162481052698789
678,11.65924321361402,-0.020776577014513298
679,11.673852887420098,-0.03014278201565801
680,11.689516644076404,-0.03594724421024642
681,11.705478752620914,-0.04074357626458491
682,11.721143916595816,-0.04654328313384182
683,11.736029425167049,-0.05497744328634979
684,11.75008883676708,-0.06620298264025748
685,11.763690869293294,-0.07897400452022041
686,11.777361860510084,-0.09151201519042107
687,11.791926500070058,-0.10103039077479292
688,11.807888608611734,-0.10582672283872041
689,11.824744365499432,-0.1076034198072292
690,11.841394653633985,-0.11007439507969241
691,11.857059817611722,-0.11587410193936054
692,11.872129685131641,-0.123685313754196
693,11.887587973034805,-0.1301840542527386
694,11.90375555033246,-0.1342861080031238
695,11.920885734663885,-0.13513551545791758
696,11.939299395040324,-0.13164806118525618
697,11.958767138266998,-0.12459886410603949
698,11.9786697434416,-0.11608026980196928
699,11.998044603533213,-0.1093449245590492
700,12.016021994640289,-0.10733162284616193
701,12.032258530628527,-0.11120066538678497
702,12.047211590571743,-0.11940656965486307
703,12.06182126437782,-0.12877277465600767
704,12.07670677294905,-0.1372069348085152
705,12.092234019545629,-0.1434726640877071
706,12.108630990038074,-0.14679959891719274
707,12.125578222739401,-0.14826719938432698
708,12.142388945381,-0.15019606693606313
709,12.15961201284748,-0.1507316225545604
710,12.178232549295661,-0.14654513465261376
711,12.197517340895073,-0.14011413057614774
712,12.216619180861557,-0.13430131952161106
713,12.23601796539765,-0.12748513365215608
714,12.255805170314147,-0.11935647647599645
715,12.274928120085082,-0.1134723354551781
716,12.292196221797662,-0.1138557204904479
717,12.307081730368893,-0.12228988064295543
718,12.320614804204526,-0.13529391373268107
719,12.334078919346743,-0.1485309580417563
720,12.348046855133145,-0.16006559389703923
721,12.362863405010957,-0.16873276526889758
722,12.378413168730585,-0.17492240925647573
723,12.393985449570426,-0.18103596796202848
724,12.408688006514401,-0.19008832111728802
725,12.422610908051867,-0.20177512756538696
726,12.436625285402961,-0.21315283751211078
727,12.45118992496294,-0.2226712130964822
728,12.466372378100942,-0.23010199844366108
729,12.482746831470338,-0.23350501856476003
730,12.500518753827109,-0.23218599514623794
731,12.518863455512971,-0.22893155208333893
732,12.536933729755107,-0.22660439853415448
733,12.554041396960642,-0.22752989129015122
734,12.569430726173223,-0.23426164299845564
735,12.583010241576389,-0.24710875017003198
736,12.596108453461248,-0.2615821804941988
737,12.6109250033419,-0.2702493518564685
738,12.629773525669112,-0.26529250034936536
739,12.652288117182692,-0.24794801199756944
740,12.676315577938919,-0.22549154298783036
741,12.70059494901866,-0.20218386974640046
742,12.72430154076363,-0.18081161616852526
743,12.747595787683716,-0.16083267452388939
744,12.770843593036274,-0.14101065879740127
745,12.793862005191208,-0.12196376200140147
746,12.815986769002953,-0.10593650029123136
747,12.836117360056589,-0.09664754238200557
748,12.854232668544824,-0.09416821824959443
749,12.871478253137196,-0.09462768856688908
750,12.88854088609663,-0.09570535190611273
751,12.905717511995583,-0.0963978334427581
752,12.922961689263682,-0.0968620591045628
753,12.940481701299776,-0.09639423990814233
754,12.959307706501102,-0.09151347370224161
755,12.979576214935896,-0.08175849337349217
756,13.000508978516251,-0.06975899688940146
757,13.021945562740797,-0.05605709195151809
758,13.043794491787386,-0.04096187508998428
759,13.065506910774248,-0.02632792531305328
760,13.086601516180243,-0.013781565782904015
761,13.107237335193826,-0.002785444104142387
762,13.127942112897989,0.008443688784381398
763,13.1486243734791,0.019596736381291557
764,13.169123682432957,0.030131590975450318
765,13.19008037045779,0.042211928086075545
766,13.211975741071912,0.05746407086575772
767,13.234719725783119,0.0755836781480419
768,13.257853538198997,0.09502051208154028
769,13.280688998723836,0.1134492158652004
770,13.30283627965863,0.1295525628669844
771,13.324250346757287,0.14317838250366477
772,13.345481462225846,0.15618600912800606
773,13.367400757287285,0.1715189925438112
774,13.39009970774956,0.18948642923327835
775,13.41316456147486,0.20869025195701585
776,13.436343408133999,0.22827925646415248
777,13.458995917031576,0.24608976724506115
778,13.480411391451664,0.2597203422166631
779,13.50090929308125,0.27025044146631244
780,13.520627539310004,0.2781460874422983
781,13.538972240995866,0.28140053050519825
782,13.556240342708445,0.28101714546992806
783,13.573141133842238,0.2793926190846461
784,13.589653504595633,0.2764556213926598
785,13.605524137323679,0.2713501928273563
786,13.620775549155102,0.2641524186995279
787,13.636118436800153,0.25726374107307615
788,13.652515407292597,0.2539368062435901
789,13.670311254091011,0.25533667027905843
790,13.689435611183379,0.26122556663479823
791,13.70965908536924,0.2708283763707314
792,13.730134469878614,0.2812823903383553
793,13.749876640549012,0.2892588769312882
794,13.767969431914196,0.2916621157720855
795,13.783771105951661,0.28632367599702035
796,13.797716524612179,0.2747129548405347
797,13.81063037754835,0.2596165761786964
798,13.823155810101282,0.24320772620056375
799,13.835681242654214,0.2267988762224315
800,13.8488709303527,0.2126345423996407
801,13.863023225087796,0.20172285488202968
802,13.877884809214546,0.19320785410298674
803,13.89299830366197,0.18554405754604658
804,13.907654419035577,0.17633477846305023
805,13.921532286326944,0.1644958014317241
806,13.934975291667541,0.15118742716595618
807,13.948395779882253,0.13780296759898514
808,13.96179234365532,0.1243376674150683
809,13.97505099004723,0.11040634481162848
810,13.988126684806204,0.09585682918625926
811,14.000972986370387,0.08053219463999023
812,14.01347590180027,0.06404725937024469
813,14.025428555021273,0.045702989738147015
814,14.037198256615017,0.026740527103297884
815,14.049219868526599,0.008629268680962143
816,14.061195038870649,-0.009638915659522018
817,14.073194133659177,-0.02782625937347194
818,14.085926442283847,-0.04353607572231799
819,14.099735350884638,-0.05560806396340645
820,14.11409452169147,-0.06582071785173227
821,14.128293257991256,-0.07657547946078325
822,14.141689821764322,-0.09004077964470003
823,14.15387186818295,-0.10760993034631006
824,14.165046273318877,-0.1285838979363263
825,14.17594625101108,-0.1504851550400591
826,14.18751048384884,-0.17014189598845042
827,14.200448261229493,-0.18515743402375429
828,14.214920017654407,-0.1949896614444223
829,14.230445856929554,-0.20126014605853548
830,14.246087096459974,-0.20714069355432652
831,14.26122451535188,-0.21472364948473266
832,14.27615505817205,-0.2230056390444246
833,14.291613346075213,-0.22950437954296676
834,14.307920248072621,-0.23313565554849558
835,14.32525730847862,-0.23328602936441512
836,14.343579493041432,-0.2301076715931294
837,14.362360463996659,-0.22537907597045626
838,14.381094993384355,-0.22080740626593143
839,14.398913357305815,-0.2193314569388496
840,14.41499086610844,-0.22373785186527773
841,14.428960209213436,-0.2352677323952288
842,14.441623559150365,-0.2512105599442481
843,14.454148991703295,-0.2676194099223803
844,14.467292237834256,-0.28194066966332
845,14.48190191164033,-0.29130687466446425
846,14.498322806580093,-0.29455296885782645
847,14.51641559794528,-0.2921497300170287
848,14.535240195828012,-0.28727371913646105
849,14.553584897513874,-0.28401927607356103
850,14.571289268495821,-0.28292850854905716
851,14.588855722099442,-0.2823037634344888
852,14.60635321700965,-0.28191202953926975
853,14.624285573867791,-0.28005089841919906
854,14.643523923896838,-0.27377682027047023
855,14.664251218726884,-0.26247160208074405
856,14.685459817072397,-0.24954006074801705
857,14.705798691516367,-0.23954731388417327
858,14.72467113828806,-0.23450962175053558
859,14.741825247063964,-0.2352781885787948
860,14.757397527903805,-0.24139174728434842
861,14.771984684589667,-0.2508340375675173
862,14.786504289900707,-0.2605045837447051
863,14.801481274288404,-0.2686296473862485
864,14.816938154870135,-0.2751331432197115
865,14.832487918589763,-0.28132278720728965
866,14.847488827419106,-0.2893670102318874
867,14.861961991162616,-0.2991944823272237
868,14.876504113599543,-0.30878894320320893
869,14.891344587924674,-0.31737527393894405
870,14.906252613618955,-0.32573334879983806
871,14.921709494200686,-0.33223684463330194
872,14.938862195657993,-0.3330101667868929
873,14.958123062810088,-0.32666000334655065
874,14.978872874763189,-0.31527869986521073
875,15.001042672821033,-0.2990992675718135
876,15.02302951925162,-0.2835380282811669
877,15.04261125541497,-0.27610364940896115
878,15.059329094921507,-0.2783463687969939
879,15.074190679048257,-0.2868613695760368
880,15.089419573756631,-0.29413522899547817
881,15.106413248025486,-0.2954459035444639
882,15.125537605115017,-0.28955700719831334
883,15.14615090700555,-0.278636970811165
884,15.167290546660483,-0.26593844068819983
885,15.188499145005995,-0.2530068993554724
886,15.209845660732666,-0.2396093356032214
887,15.231742438668219,-0.22435243748861866
888,15.253684250852709,-0.20894336878119935
889,15.275098317948526,-0.19531754915410682
890,15.29665030243118,-0.18122570708831365
891,15.318844024933504,-0.16496543416838172
892,15.341931395779016,-0.14568552616261976
893,15.366210766858757,-0.1223778529211903
894,15.391062917267588,-0.09713476003538402
895,15.415318363902847,-0.07390792742048824
896,15.438405734748356,-0.054628019414726614
897,15.460187112425798,-0.0397610584280339
898,15.481188834696734,-0.027528550734181034
899,15.502259515661088,-0.015063031820977624
900,15.523765058573375,-0.0011281156829213157
901,15.545546436250815,0.013738845303771507
902,15.567282779682158,0.028453635707237468
903,15.588674329654927,0.04200337004271565
904,15.6091947484104,0.052609554593567254
905,15.628547091378962,0.05926881454487437
906,15.646067103412218,0.0597366337317054
907,15.661227039427173,0.052229763092913606
908,15.674737596139758,0.039149644711574616
909,15.6879047667152,0.024909225597169904
910,15.701529316364459,0.012214289008820822
911,15.71579560403623,0.0016877832841987739
912,15.731024498741768,-0.005586076144831809
913,15.747811296938883,-0.007595784323102761
914,15.76709468121403,-0.0011695355911476302
915,15.788370830931527,0.011990261626009191
916,15.809807415153234,0.025692166554304285
917,15.830762695859477,0.03776774833959762
918,15.85176441813041,0.05000025603344965
919,15.873179892547661,0.06363083099546318
920,15.89480224303949,0.07796043959635046
921,15.916561103593883,0.09275131529142983
922,15.938387515517425,0.10777044686135018
923,15.959916982877028,0.12178620363553039
924,15.980347333137466,0.13208804701033822
925,15.99963212473404,0.13851905107721463
926,16.018549605751833,0.1437089137940808
927,16.0370547419419,0.14750546456811675
928,16.055240416442153,0.15022255524521022
929,16.073974945832685,0.15479422495932443
930,16.094312412958057,0.1647822164978357
931,16.11591083900541,0.1790309844721888
932,16.137899092757426,0.19459697909775658
933,16.159795870692978,0.20985387721235932
934,16.180981951912603,0.2227093332438837
935,16.201250460347396,0.23246431357263442
936,16.220832196513587,0.23989869245442885
937,16.240070546542636,0.24617277060315723
938,16.25928637944863,0.2523707634602723
939,16.27859368816826,0.2588778528187624
940,16.297281775988424,0.26329259660513926
941,16.31427545026012,0.2619819220657429
942,16.328817572694206,0.25238746118016875
943,16.34186934301154,0.2377571049378543
944,16.354187899492732,0.22064922133043674
945,16.365728207886008,0.20091163975551002
946,16.377611902416433,0.18233435891365013
947,16.39064115561071,0.1676279173797217
948,16.404976401973066,0.1573344228648622
949,16.420526165692696,0.15114477887728395
950,16.43644323998827,0.14619627623012987
951,16.451810052077803,0.13938843923021066
952,16.466557643267873,0.1304882566581793
953,16.480594537742018,0.11918663200306989
954,16.493509797996783,0.1040950086665633
955,16.505508892785315,0.08590766495261332
956,16.517439028883267,0.0674873100289029
957,16.5299194271901,0.05092628946754246
958,16.542926163258493,0.03614376263241087
959,16.556070816710882,0.021827258226394086
960,16.56884956690593,0.006274367805283787
961,16.581628317098126,-0.009278522625414232
962,16.595644101770656,-0.020651477237217053
963,16.610988396734303,-0.027535399538336613
964,16.626927988155764,-0.0324078168842899
965,16.643393917341626,-0.035501740494424894
966,16.660570543240578,-0.03619422203107059
967,16.67781612783011,-0.03665369235795335
968,16.69386971218825,-0.04114092791091639
969,16.70822747567365,-0.051358337134162824
970,16.72139464625193,-0.06559875623897915
971,16.733828602988392,-0.08231670272807579
972,16.745850214899978,-0.10042796115041208
973,16.757918268381925,-0.11838229364501007
974,16.77078708706916,-0.13363084289966498
975,16.785006933173396,-0.14431427454243384
976,16.800006434684146,-0.15236325289236485
977,16.814686474502235,-0.16149169134882624
978,16.82865581760723,-0.17302157187877687
979,16.8424408017607,-0.185174400755989
980,16.85629474460759,-0.19709421841385077
981,16.870790425476983,-0.20684560520798367
982,16.88689045140266,-0.21117591484279896
983,16.90498324276784,-0.20877267600200056
984,16.924794372128822,-0.20056317819930702
985,16.945133246575633,-0.19057043132587526
986,16.96466994849288,-0.18328822303689574
987,16.98205345046357,-0.1832816709442563
988,16.996343662579825,-0.19372733604234282
989,17.00898308807227,-0.2097510042178976
990,17.02169147225246,-0.22554166119327745
991,17.034950118644367,-0.2394729837967191
992,17.04907848893498,-0.2504655119408652
993,17.063962590184776,-0.2589044274282932
994,17.079236519139254,-0.2660261162645069
995,17.09435001358668,-0.2736899128214485
996,17.1089371702697,-0.28313220311420595
997,17.123501809829683,-0.2926505786985789
998,17.13925704229961,-0.2981459443917913
999,17.15638722663104,-0.2989953518465853
1000,17.173884721541246,-0.29860361795136614
1001,17.191496209390962,-0.29782670225357044
1002,17.21071063497553,-0.29163346473137663
1003,17.231712357249307,-0.27940095702793555
1004,17.25266904527414,-0.2673206199173088
1005,17.2726870507097,-0.2584120884757407
1006,17.29121611134424,-0.25453469707516907
1007,17.307545530467547,-0.2580898877794964
1008,17.321949735520473,-0.2681503710845934
1009,17.336124547378617,-0.2789859733105917
1010,17.350987538826796,-0.287496218754712
1011,17.366262875099867,-0.29461315226559504
1012,17.381790121693605,-0.3008788815543755
1013,17.397134416660087,-0.30776280384590693
1014,17.412271835551998,-0.3153457597763136
1015,17.428187502528978,-0.3202990177488001
1016,17.445638555871653,-0.3200642097717299
1017,17.463914298866936,-0.3170427779185925
1018,17.482304034798894,-0.31363616427246643
1019,17.501290474507268,-0.30821329034583966
1020,17.520965093808513,-0.3004650596277486
1021,17.540227368282046,-0.29411014085248577
1022,17.55841163546086,-0.291397805510311
1023,17.57602312331058,-0.29062088981251544
1024,17.593567059788317,-0.2900722299991484
1025,17.610995596007943,-0.2899135073136928
1026,17.6285606422873,-0.2892935175436332
1027,17.64688141952868,-0.2861199151072691
1028,17.666302721187826,-0.27922764394620114
1029,17.68645723668594,-0.2698578454104399
1030,17.706794703811315,-0.2598698538719274
1031,17.727225054071756,-0.24956801049712007
1032,17.748502611107845,-0.2364034579546309
1033,17.7709707610539,-0.21921589552098453
1034,17.7938976973952,-0.20047809522636006
1035,17.816526281848294,-0.1827484250719854
1036,17.838468094032784,-0.16733935636456576
1037,17.860409906214432,-0.15193028766673655
1038,17.88241926976807,-0.13629296308447625
1039,17.903719343930046,-0.12305232524078424
1040,17.924470563201737,-0.11166626643411137
1041,17.945061347966387,-0.10082231534816688
1042,17.965331263722614,-0.09106257968449494
1043,17.9853028275878,-0.08231097417066469
1044,18.00541090151839,-0.07309810155305208
1045,18.026000278964446,-0.06225890579243887
1046,18.047139918619372,-0.04956037566947291
1047,18.06862294440861,-0.03570154482303001
1048,18.089854059877172,-0.022693918198689655
1049,18.110351961506755,-0.012163818949040894
1050,18.13009413217715,-0.004187332356107465
1051,18.149492916713243,0.0026288535133466295
1052,18.168914218372386,0.009521124674414627
1053,18.18840447872211,0.01664640704524606
1054,18.208376042590128,0.025398012568666473
1055,18.22928628904744,0.03732142376114406
1056,18.250631397452672,0.050714232178473984
1057,18.271976505860753,0.06410704060539169
1058,18.29343701452694,0.07788978616022169
1059,18.315287350894963,0.09298975835667705
1060,18.337778017966897,0.11025340609152728
1061,18.360520595356675,0.1283682580388894
1062,18.38273683498489,0.14470461626002473
1063,18.404197343651074,0.15848736181485312
1064,18.42517654879896,0.1706437842170928
1065,18.44562941618245,0.18102171288351476
1066,18.46548698711095,0.18938813660435683
1067,18.484450909696278,0.19473492523936986
1068,18.502131356236575,0.19574485214692827
1069,18.51859728542244,0.1926509285367931
1070,18.534421476582956,0.1873885740533423
1071,18.549833322918584,0.18073290763665217
1072,18.564925707564395,0.17299778112301878
1073,18.580109568023833,0.16557175111076017
1074,18.595338462729366,0.15829789168173025
1075,18.610589874560787,0.15110011755390096
1076,18.625979203770534,0.14436836583600832
1077,18.64148393324123,0.1380265512556138
1078,18.657309531723172,0.13276895210708506
1079,18.67329556471217,0.12805346067927958
1080,18.689029687380483,0.12248676502937517
1081,18.704808844294902,0.11707223996269478
1082,18.720953904466672,0.1128941009111083
1083,18.73714540620881,0.10887288778725662
1084,18.753131439197805,0.10415739635945387
1085,18.768796603172703,0.09835768949019702
1086,18.783751070434512,0.09015654054745231
1087,18.797582496158356,0.07816063759797587
1088,18.810382356155007,0.06267907713355947
1089,18.82254047812916,0.04502908580541465
1090,18.834355213968994,0.026218793753794545
1091,18.846169949805997,0.007408501692582947
1092,18.85890085111208,-0.008306069981594555
1093,18.87305314584717,-0.019217757499206456
1094,18.88814553049014,-0.02695288402242857
1095,18.903534859702724,-0.03368463573073355
1096,18.9186258370271,-0.041424517579286224
1097,18.93316795946403,-0.051018978455271924
1098,18.94715981969207,-0.06247277369360993
1099,18.960692893524868,-0.07547680679292301
1100,18.97413449154687,-0.08878993638402366
1101,18.98796591726787,-0.10078583934308805
1102,19.002325088074702,-0.11099849323141187
1103,19.01670677600742,-0.12113506181853495
1104,19.030400284347262,-0.13359698719712187
1105,19.043474571787645,-0.14815125814782393
1106,19.05689365268376,-0.1615404730401272
1107,19.071045947416017,-0.17245216056732793
1108,19.085747097038553,-0.18150926905750575
1109,19.101365819448766,-0.18746590183532275
1110,19.11817654208752,-0.18939476939664712
1111,19.13592594731841,-0.18815183127932822
1112,19.153904745746914,-0.18613377423151922
1113,19.171012412955292,-0.1870592669779283
1114,19.186377817723386,-0.19387185931276618
1115,19.19997985024676,-0.20664288120231755
1116,19.212757193120368,-0.22220052695834802
1117,19.22592436369581,-0.23644094607275323
1118,19.24016813424453,-0.2470435370889884
1119,19.25571789796416,-0.2532331810765662
1120,19.27236818609871,-0.255704156349029
1121,19.28931541880004,-0.2571717568161632
1122,19.305391520281226,-0.2615829070775122
1123,19.320413538915027,-0.2695558001358286
1124,19.335711392313975,-0.2765966483455079
1125,19.352270204632063,-0.2793767201289361
1126,19.37040943756478,-0.27681655536999095
1127,19.390427443000338,-0.26790802392842084
1128,19.411453089715753,-0.2555946756080345
1129,19.431950991348177,-0.24506457634879586
1130,19.45123437562332,-0.23863832761684023
1131,19.469349684114388,-0.2361590034748401
1132,19.485907089113883,-0.23894383058360058
1133,19.500264852599287,-0.24916123980684568
1134,19.51352349899119,-0.26309256241028633
1135,19.527034055700938,-0.27617268080121327
1136,19.541208867559078,-0.28700828302721226
1137,19.556232293511467,-0.29497642076019503
1138,19.571714505859113,-0.3013943206322034
1139,19.587700538848107,-0.30610981206000687
1140,19.60467169599392,-0.3074965719006063
1141,19.622559018605955,-0.30578761136376253
1142,19.641545458314326,-0.30036473743713554
1143,19.662020842823697,-0.2899107234695115
1144,19.682770654773957,-0.27852941999776104
1145,19.702604301260823,-0.27024383689386255
1146,19.72126987195794,-0.26590517839910066
1147,19.738377539163473,-0.2668306711550966
1148,19.75427068901741,-0.27186001441919794
1149,19.76984296986008,-0.2779735731151616
1150,19.785575685206968,-0.28354502409998916
1151,19.801399876367483,-0.2888073785834393
1152,19.817063633023793,-0.2946118407780286
1153,19.83254443805284,-0.3010344959753678
1154,19.847842291448956,-0.3080753441946371
1155,19.862612399762078,-0.3168994414750551
1156,19.877130597754523,-0.32657474297757594
1157,19.89233697533701,-0.3339246876982198
1158,19.908711428706404,-0.3373277078193192
1159,19.926367950802224,-0.33639862153829503
1160,19.945720293770787,-0.3297393615869889
1161,19.966264636970738,-0.3190523364096023
1162,19.986189759268395,-0.3104576568139199
1163,20.00409819168489,-0.3086773663107938
1164,20.02001385866187,-0.31363062428328026
1165,20.034899367233105,-0.3220647844357887
1166,20.04944148967003,-0.3316592453117744
1167,20.063640225969817,-0.34241400692082535
1168,20.07838922448132,-0.35130943415793625
1169,20.095405415873227,-0.35254402341530766
1170,20.11496463491353,-0.3451857298347154
1171,20.135898805815316,-0.3331814780157035
1172,20.15715384572836,-0.3200930107648281
1173,20.17891270628275,-0.30530213506974824
1174,20.201908601314635,-0.2863313235653633
1175,20.226324482454096,-0.2625623832393301
1176,20.251793039122365,-0.23523645544166305
1177,20.27737699604874,-0.2075205905160855
1178,20.302229146460416,-0.18227749762068968
1179,20.326348083030265,-0.1595119321095747
1180,20.349435453878616,-0.1402320240942253
1181,20.370735528037752,-0.12699138626012196
1182,20.390248305510532,-0.1197900185976778
1183,20.40918830365137,-0.11452407058919856
1184,20.42925134333302,-0.10546336856440364
1185,20.451010203887414,-0.09067249286932388
1186,20.47389210598262,-0.07208686315792834
1187,20.49709487708624,-0.052417018024255135
1188,20.519769903106866,-0.03453042195173345
1189,20.541069977268847,-0.02128978410804172
1190,20.561133016950496,-0.012229082083245801
1191,20.581149615064618,-0.0033253059765976922
1192,20.602677675099955,0.010685695453071131
1193,20.62622242501928,0.031511085984889387
1194,20.65086769935638,0.0560551452414102
1195,20.67592531851835,0.08199251643117145
1196,20.701005454806214,0.10800597292213332
1197,20.72565072914047,0.13255003216906558
1198,20.749426279578856,0.15415529696629104
